Садыр Жапаров выразил соболезнования Реджепу Тайипу Эрдогану,https://data.kaktus.media/image/small/2022-10-15_20-20-27_703150.jpg
"Комедия ""О чем мечтает женщина"" с участием российских актеров театра и кино в Бишкеке",https://data.kaktus.media/image/small/2022-10-15_20-23-43_525855.jpg
"Илья Варламов обратился к кыргызстанцам, которые критикуют россиян",https://data.kaktus.media/image/small/2022-10-15_20-12-53_978608.jpg
В Бишкеке пройдет ярмарка вакансий,https://data.kaktus.media/image/small/2022-10-15_19-44-54_518736.jpg
В Джалал-Абадской области выявили факты массового уничтожения деревьев,https://data.kaktus.media/image/small/2022-10-15_19-32-08_478300.jpg
Посол Кадыркулов просит кыргызстанцев не возвращаться в Украину до окончания конфликта,https://data.kaktus.media/image/small/2022-10-15_19-10-34_479386.jpg
Власти Кыргызстана хотят стать независимыми от импорта пшеницы из других стран,https://data.kaktus.media/image/small/2022-10-15_18-46-45_693176.jpg
Байсалов: Государство проводит политику поддержки паралимпийского спорта,https://data.kaktus.media/image/small/2022-10-15_18-25-25_850981.jpg
Грандиозный концерт звезды Болливуда в Бишкеке. А также выступление Викрама Рузахунова,https://data.kaktus.media/image/small/2022-09-28_17-30-03_189867.jpg
В Душанбе завершена встреча топографических групп Кыргызстана и Таджикистана,https://data.kaktus.media/image/small/2022-10-15_18-06-56_110981.jpg
Погода в Бишкеке 16-22 октября,https://data.kaktus.media/image/small/2022-10-15_17-28-09_318786.jpg
Что произошло в Украине за последние сутки 15 октября,https://data.kaktus.media/image/small/2022-10-15_17-04-40_907957.jpg
"Банк ""Компаньон"" приостановил обслуживание российских карт ""Мир""",https://data.kaktus.media/image/small/2022-10-15_16-48-13_483362.jpg
Как сейчас выглядит Кемпир-Абадское водохранилище. Фото и видео,https://data.kaktus.media/image/small/2022-10-15_16-32-59_127306.jpg
Курултай по сохранению Кемпир-Абадского водохранилища. Принята совместная резолюция,https://data.kaktus.media/image/small/2022-10-15_16-07-00_645886.jpg
Бывший замминистра ЧС: Никаких спорных вопросов с Узбекистаном по Кемпир-Абаду не было,https://data.kaktus.media/image/small/2022-10-15_15-11-16_453557.jpg
Демарш Рахмона перед Путиным? Полный текст выступления президента Таджикистана,https://data.kaktus.media/image/small/2022-10-15_14-56-39_617104.jpg
Бекешев: Независимые СМИ хотят закрыть за освещение вопроса о передаче Кемпир-Абада,https://data.kaktus.media/image/small/2022-10-15_14-33-55_274713.jpg
Акын Болот Назаров выступил на курултае по Кемпир-Абадскому водохранилищу,https://data.kaktus.media/image/small/2022-10-15_13-51-50_859142.jpg
"Рейтинги Жапарова и Мадумарова выросли, а Ташиева остаются на месте. Результаты опроса",https://data.kaktus.media/image/small/2022-10-15_13-34-07_233205.jpg
"Бекназаров: В Чуйской области пройдет альтернативный курултай, надо к нему присоединиться",https://data.kaktus.media/image/small/2022-10-15_13-10-25_792604.jpg
Абдулла Авазов: Ташиев обманывает кыргызстанцев по Кемпир-Абаду,https://data.kaktus.media/image/small/2022-10-15_12-32-56_137598.jpg
Полпреда Ошской области Зиядина Жамалдинова освистали на курултае по Кемпир-Абаду,https://data.kaktus.media/image/small/2022-10-15_12-06-42_969622.jpg
Кто принимает участие в курултае по Кемпир-Абадскому водохранилищу в Узгене? Список,https://data.kaktus.media/image/small/2022-10-15_11-46-33_551300_w.jpg
"От Камчыбека Ташиева требуют уйти в отставку, если границы Кыргызстана не будут сохранены",https://data.kaktus.media/image/small/2022-10-15_11-17-58_926044.jpg
Кемпир-Абадское водохранилище: в Узгене народ собирается на курултай,https://data.kaktus.media/image/small/2022-10-15_10-49-23_605288.jpg
На трассе Бишкек - Ош запретили передвигаться на бусах и минивэнах с летними шинами,https://data.kaktus.media/image/small/2022-10-15_10-28-51_893579.jpg
#полезно. Мифы о гриппе развенчали специалисты,https://data.kaktus.media/image/small/2022-10-14_15-05-42_879877.jpg
Гид Kaktus. Курсы иностранных языков в Бишкеке для детей и взрослых - 2022,https://data.kaktus.media/image/small/2022-10-06_19-34-37_188956.jpg
Почему важно мыть руки правильно и как это делать (пошаговая инструкция),https://data.kaktus.media/image/small/2022-10-14_16-29-47_423232.jpg
Садыр Жапаров выразил соболезнования Реджепу Тайипу Эрдогану,https://data.kaktus.media/image/small/2022-10-15_20-20-27_703150.jpg
"Комедия ""О чем мечтает женщина"" с участием российских актеров театра и кино в Бишкеке",https://data.kaktus.media/image/small/2022-10-15_20-23-43_525855.jpg
"Илья Варламов обратился к кыргызстанцам, которые критикуют россиян",https://data.kaktus.media/image/small/2022-10-15_20-12-53_978608.jpg
В Бишкеке пройдет ярмарка вакансий,https://data.kaktus.media/image/small/2022-10-15_19-44-54_518736.jpg
В Джалал-Абадской области выявили факты массового уничтожения деревьев,https://data.kaktus.media/image/small/2022-10-15_19-32-08_478300.jpg
Посол Кадыркулов просит кыргызстанцев не возвращаться в Украину до окончания конфликта,https://data.kaktus.media/image/small/2022-10-15_19-10-34_479386.jpg
Власти Кыргызстана хотят стать независимыми от импорта пшеницы из других стран,https://data.kaktus.media/image/small/2022-10-15_18-46-45_693176.jpg
Байсалов: Государство проводит политику поддержки паралимпийского спорта,https://data.kaktus.media/image/small/2022-10-15_18-25-25_850981.jpg
Грандиозный концерт звезды Болливуда в Бишкеке. А также выступление Викрама Рузахунова,https://data.kaktus.media/image/small/2022-09-28_17-30-03_189867.jpg
В Душанбе завершена встреча топографических групп Кыргызстана и Таджикистана,https://data.kaktus.media/image/small/2022-10-15_18-06-56_110981.jpg
Погода в Бишкеке 16-22 октября,https://data.kaktus.media/image/small/2022-10-15_17-28-09_318786.jpg
Что произошло в Украине за последние сутки 15 октября,https://data.kaktus.media/image/small/2022-10-15_17-04-40_907957.jpg
"Банк ""Компаньон"" приостановил обслуживание российских карт ""Мир""",https://data.kaktus.media/image/small/2022-10-15_16-48-13_483362.jpg
Как сейчас выглядит Кемпир-Абадское водохранилище. Фото и видео,https://data.kaktus.media/image/small/2022-10-15_16-32-59_127306.jpg
Курултай по сохранению Кемпир-Абадского водохранилища. Принята совместная резолюция,https://data.kaktus.media/image/small/2022-10-15_16-07-00_645886.jpg
Бывший замминистра ЧС: Никаких спорных вопросов с Узбекистаном по Кемпир-Абаду не было,https://data.kaktus.media/image/small/2022-10-15_15-11-16_453557.jpg
Демарш Рахмона перед Путиным? Полный текст выступления президента Таджикистана,https://data.kaktus.media/image/small/2022-10-15_14-56-39_617104.jpg
Бекешев: Независимые СМИ хотят закрыть за освещение вопроса о передаче Кемпир-Абада,https://data.kaktus.media/image/small/2022-10-15_14-33-55_274713.jpg
Акын Болот Назаров выступил на курултае по Кемпир-Абадскому водохранилищу,https://data.kaktus.media/image/small/2022-10-15_13-51-50_859142.jpg
"Рейтинги Жапарова и Мадумарова выросли, а Ташиева остаются на месте. Результаты опроса",https://data.kaktus.media/image/small/2022-10-15_13-34-07_233205.jpg
"Бекназаров: В Чуйской области пройдет альтернативный курултай, надо к нему присоединиться",https://data.kaktus.media/image/small/2022-10-15_13-10-25_792604.jpg
Абдулла Авазов: Ташиев обманывает кыргызстанцев по Кемпир-Абаду,https://data.kaktus.media/image/small/2022-10-15_12-32-56_137598.jpg
Полпреда Ошской области Зиядина Жамалдинова освистали на курултае по Кемпир-Абаду,https://data.kaktus.media/image/small/2022-10-15_12-06-42_969622.jpg
Кто принимает участие в курултае по Кемпир-Абадскому водохранилищу в Узгене? Список,https://data.kaktus.media/image/small/2022-10-15_11-46-33_551300_w.jpg
"От Камчыбека Ташиева требуют уйти в отставку, если границы Кыргызстана не будут сохранены",https://data.kaktus.media/image/small/2022-10-15_11-17-58_926044.jpg
Кемпир-Абадское водохранилище: в Узгене народ собирается на курултай,https://data.kaktus.media/image/small/2022-10-15_10-49-23_605288.jpg
На трассе Бишкек - Ош запретили передвигаться на бусах и минивэнах с летними шинами,https://data.kaktus.media/image/small/2022-10-15_10-28-51_893579.jpg
#полезно. Мифы о гриппе развенчали специалисты,https://data.kaktus.media/image/small/2022-10-14_15-05-42_879877.jpg
Гид Kaktus. Курсы иностранных языков в Бишкеке для детей и взрослых - 2022,https://data.kaktus.media/image/small/2022-10-06_19-34-37_188956.jpg
Почему важно мыть руки правильно и как это делать (пошаговая инструкция),https://data.kaktus.media/image/small/2022-10-14_16-29-47_423232.jpg
Садыр Жапаров выразил соболезнования Реджепу Тайипу Эрдогану,https://data.kaktus.media/image/small/2022-10-15_20-20-27_703150.jpg
"Комедия ""О чем мечтает женщина"" с участием российских актеров театра и кино в Бишкеке",https://data.kaktus.media/image/small/2022-10-15_20-23-43_525855.jpg
"Илья Варламов обратился к кыргызстанцам, которые критикуют россиян",https://data.kaktus.media/image/small/2022-10-15_20-12-53_978608.jpg
В Бишкеке пройдет ярмарка вакансий,https://data.kaktus.media/image/small/2022-10-15_19-44-54_518736.jpg
В Джалал-Абадской области выявили факты массового уничтожения деревьев,https://data.kaktus.media/image/small/2022-10-15_19-32-08_478300.jpg
Посол Кадыркулов просит кыргызстанцев не возвращаться в Украину до окончания конфликта,https://data.kaktus.media/image/small/2022-10-15_19-10-34_479386.jpg
Власти Кыргызстана хотят стать независимыми от импорта пшеницы из других стран,https://data.kaktus.media/image/small/2022-10-15_18-46-45_693176.jpg
Байсалов: Государство проводит политику поддержки паралимпийского спорта,https://data.kaktus.media/image/small/2022-10-15_18-25-25_850981.jpg
Грандиозный концерт звезды Болливуда в Бишкеке. А также выступление Викрама Рузахунова,https://data.kaktus.media/image/small/2022-09-28_17-30-03_189867.jpg
В Душанбе завершена встреча топографических групп Кыргызстана и Таджикистана,https://data.kaktus.media/image/small/2022-10-15_18-06-56_110981.jpg
Погода в Бишкеке 16-22 октября,https://data.kaktus.media/image/small/2022-10-15_17-28-09_318786.jpg
Что произошло в Украине за последние сутки 15 октября,https://data.kaktus.media/image/small/2022-10-15_17-04-40_907957.jpg
"Банк ""Компаньон"" приостановил обслуживание российских карт ""Мир""",https://data.kaktus.media/image/small/2022-10-15_16-48-13_483362.jpg
Как сейчас выглядит Кемпир-Абадское водохранилище. Фото и видео,https://data.kaktus.media/image/small/2022-10-15_16-32-59_127306.jpg
Курултай по сохранению Кемпир-Абадского водохранилища. Принята совместная резолюция,https://data.kaktus.media/image/small/2022-10-15_16-07-00_645886.jpg
Бывший замминистра ЧС: Никаких спорных вопросов с Узбекистаном по Кемпир-Абаду не было,https://data.kaktus.media/image/small/2022-10-15_15-11-16_453557.jpg
Демарш Рахмона перед Путиным? Полный текст выступления президента Таджикистана,https://data.kaktus.media/image/small/2022-10-15_14-56-39_617104.jpg
Бекешев: Независимые СМИ хотят закрыть за освещение вопроса о передаче Кемпир-Абада,https://data.kaktus.media/image/small/2022-10-15_14-33-55_274713.jpg
Акын Болот Назаров выступил на курултае по Кемпир-Абадскому водохранилищу,https://data.kaktus.media/image/small/2022-10-15_13-51-50_859142.jpg
"Рейтинги Жапарова и Мадумарова выросли, а Ташиева остаются на месте. Результаты опроса",https://data.kaktus.media/image/small/2022-10-15_13-34-07_233205.jpg
"Бекназаров: В Чуйской области пройдет альтернативный курултай, надо к нему присоединиться",https://data.kaktus.media/image/small/2022-10-15_13-10-25_792604.jpg
Абдулла Авазов: Ташиев обманывает кыргызстанцев по Кемпир-Абаду,https://data.kaktus.media/image/small/2022-10-15_12-32-56_137598.jpg
Полпреда Ошской области Зиядина Жамалдинова освистали на курултае по Кемпир-Абаду,https://data.kaktus.media/image/small/2022-10-15_12-06-42_969622.jpg
Кто принимает участие в курултае по Кемпир-Абадскому водохранилищу в Узгене? Список,https://data.kaktus.media/image/small/2022-10-15_11-46-33_551300_w.jpg
"От Камчыбека Ташиева требуют уйти в отставку, если границы Кыргызстана не будут сохранены",https://data.kaktus.media/image/small/2022-10-15_11-17-58_926044.jpg
Кемпир-Абадское водохранилище: в Узгене народ собирается на курултай,https://data.kaktus.media/image/small/2022-10-15_10-49-23_605288.jpg
На трассе Бишкек - Ош запретили передвигаться на бусах и минивэнах с летними шинами,https://data.kaktus.media/image/small/2022-10-15_10-28-51_893579.jpg
#полезно. Мифы о гриппе развенчали специалисты,https://data.kaktus.media/image/small/2022-10-14_15-05-42_879877.jpg
Гид Kaktus. Курсы иностранных языков в Бишкеке для детей и взрослых - 2022,https://data.kaktus.media/image/small/2022-10-06_19-34-37_188956.jpg
Почему важно мыть руки правильно и как это делать (пошаговая инструкция),https://data.kaktus.media/image/small/2022-10-14_16-29-47_423232.jpg
Садыр Жапаров выразил соболезнования Реджепу Тайипу Эрдогану,https://data.kaktus.media/image/small/2022-10-15_20-20-27_703150.jpg
"Комедия ""О чем мечтает женщина"" с участием российских актеров театра и кино в Бишкеке",https://data.kaktus.media/image/small/2022-10-15_20-23-43_525855.jpg
"Илья Варламов обратился к кыргызстанцам, которые критикуют россиян",https://data.kaktus.media/image/small/2022-10-15_20-12-53_978608.jpg
В Бишкеке пройдет ярмарка вакансий,https://data.kaktus.media/image/small/2022-10-15_19-44-54_518736.jpg
В Джалал-Абадской области выявили факты массового уничтожения деревьев,https://data.kaktus.media/image/small/2022-10-15_19-32-08_478300.jpg
Посол Кадыркулов просит кыргызстанцев не возвращаться в Украину до окончания конфликта,https://data.kaktus.media/image/small/2022-10-15_19-10-34_479386.jpg
Власти Кыргызстана хотят стать независимыми от импорта пшеницы из других стран,https://data.kaktus.media/image/small/2022-10-15_18-46-45_693176.jpg
Байсалов: Государство проводит политику поддержки паралимпийского спорта,https://data.kaktus.media/image/small/2022-10-15_18-25-25_850981.jpg
Грандиозный концерт звезды Болливуда в Бишкеке. А также выступление Викрама Рузахунова,https://data.kaktus.media/image/small/2022-09-28_17-30-03_189867.jpg
В Душанбе завершена встреча топографических групп Кыргызстана и Таджикистана,https://data.kaktus.media/image/small/2022-10-15_18-06-56_110981.jpg
Погода в Бишкеке 16-22 октября,https://data.kaktus.media/image/small/2022-10-15_17-28-09_318786.jpg
Что произошло в Украине за последние сутки 15 октября,https://data.kaktus.media/image/small/2022-10-15_17-04-40_907957.jpg
"Банк ""Компаньон"" приостановил обслуживание российских карт ""Мир""",https://data.kaktus.media/image/small/2022-10-15_16-48-13_483362.jpg
Как сейчас выглядит Кемпир-Абадское водохранилище. Фото и видео,https://data.kaktus.media/image/small/2022-10-15_16-32-59_127306.jpg
Курултай по сохранению Кемпир-Абадского водохранилища. Принята совместная резолюция,https://data.kaktus.media/image/small/2022-10-15_16-07-00_645886.jpg
Бывший замминистра ЧС: Никаких спорных вопросов с Узбекистаном по Кемпир-Абаду не было,https://data.kaktus.media/image/small/2022-10-15_15-11-16_453557.jpg
Демарш Рахмона перед Путиным? Полный текст выступления президента Таджикистана,https://data.kaktus.media/image/small/2022-10-15_14-56-39_617104.jpg
Бекешев: Независимые СМИ хотят закрыть за освещение вопроса о передаче Кемпир-Абада,https://data.kaktus.media/image/small/2022-10-15_14-33-55_274713.jpg
Акын Болот Назаров выступил на курултае по Кемпир-Абадскому водохранилищу,https://data.kaktus.media/image/small/2022-10-15_13-51-50_859142.jpg
"Рейтинги Жапарова и Мадумарова выросли, а Ташиева остаются на месте. Результаты опроса",https://data.kaktus.media/image/small/2022-10-15_13-34-07_233205.jpg
"Бекназаров: В Чуйской области пройдет альтернативный курултай, надо к нему присоединиться",https://data.kaktus.media/image/small/2022-10-15_13-10-25_792604.jpg
Абдулла Авазов: Ташиев обманывает кыргызстанцев по Кемпир-Абаду,https://data.kaktus.media/image/small/2022-10-15_12-32-56_137598.jpg
Полпреда Ошской области Зиядина Жамалдинова освистали на курултае по Кемпир-Абаду,https://data.kaktus.media/image/small/2022-10-15_12-06-42_969622.jpg
Кто принимает участие в курултае по Кемпир-Абадскому водохранилищу в Узгене? Список,https://data.kaktus.media/image/small/2022-10-15_11-46-33_551300_w.jpg
"От Камчыбека Ташиева требуют уйти в отставку, если границы Кыргызстана не будут сохранены",https://data.kaktus.media/image/small/2022-10-15_11-17-58_926044.jpg
Кемпир-Абадское водохранилище: в Узгене народ собирается на курултай,https://data.kaktus.media/image/small/2022-10-15_10-49-23_605288.jpg
На трассе Бишкек - Ош запретили передвигаться на бусах и минивэнах с летними шинами,https://data.kaktus.media/image/small/2022-10-15_10-28-51_893579.jpg
#полезно. Мифы о гриппе развенчали специалисты,https://data.kaktus.media/image/small/2022-10-14_15-05-42_879877.jpg
Гид Kaktus. Курсы иностранных языков в Бишкеке для детей и взрослых - 2022,https://data.kaktus.media/image/small/2022-10-06_19-34-37_188956.jpg
Почему важно мыть руки правильно и как это делать (пошаговая инструкция),https://data.kaktus.media/image/small/2022-10-14_16-29-47_423232.jpg
Садыр Жапаров выразил соболезнования Реджепу Тайипу Эрдогану,https://data.kaktus.media/image/small/2022-10-15_20-20-27_703150.jpg
"Комедия ""О чем мечтает женщина"" с участием российских актеров театра и кино в Бишкеке",https://data.kaktus.media/image/small/2022-10-15_20-23-43_525855.jpg
"Илья Варламов обратился к кыргызстанцам, которые критикуют россиян",https://data.kaktus.media/image/small/2022-10-15_20-12-53_978608.jpg
В Бишкеке пройдет ярмарка вакансий,https://data.kaktus.media/image/small/2022-10-15_19-44-54_518736.jpg
В Джалал-Абадской области выявили факты массового уничтожения деревьев,https://data.kaktus.media/image/small/2022-10-15_19-32-08_478300.jpg
Посол Кадыркулов просит кыргызстанцев не возвращаться в Украину до окончания конфликта,https://data.kaktus.media/image/small/2022-10-15_19-10-34_479386.jpg
Власти Кыргызстана хотят стать независимыми от импорта пшеницы из других стран,https://data.kaktus.media/image/small/2022-10-15_18-46-45_693176.jpg
Байсалов: Государство проводит политику поддержки паралимпийского спорта,https://data.kaktus.media/image/small/2022-10-15_18-25-25_850981.jpg
Грандиозный концерт звезды Болливуда в Бишкеке. А также выступление Викрама Рузахунова,https://data.kaktus.media/image/small/2022-09-28_17-30-03_189867.jpg
В Душанбе завершена встреча топографических групп Кыргызстана и Таджикистана,https://data.kaktus.media/image/small/2022-10-15_18-06-56_110981.jpg
Погода в Бишкеке 16-22 октября,https://data.kaktus.media/image/small/2022-10-15_17-28-09_318786.jpg
Что произошло в Украине за последние сутки 15 октября,https://data.kaktus.media/image/small/2022-10-15_17-04-40_907957.jpg
"Банк ""Компаньон"" приостановил обслуживание российских карт ""Мир""",https://data.kaktus.media/image/small/2022-10-15_16-48-13_483362.jpg
Как сейчас выглядит Кемпир-Абадское водохранилище. Фото и видео,https://data.kaktus.media/image/small/2022-10-15_16-32-59_127306.jpg
Курултай по сохранению Кемпир-Абадского водохранилища. Принята совместная резолюция,https://data.kaktus.media/image/small/2022-10-15_16-07-00_645886.jpg
Бывший замминистра ЧС: Никаких спорных вопросов с Узбекистаном по Кемпир-Абаду не было,https://data.kaktus.media/image/small/2022-10-15_15-11-16_453557.jpg
Демарш Рахмона перед Путиным? Полный текст выступления президента Таджикистана,https://data.kaktus.media/image/small/2022-10-15_14-56-39_617104.jpg
Бекешев: Независимые СМИ хотят закрыть за освещение вопроса о передаче Кемпир-Абада,https://data.kaktus.media/image/small/2022-10-15_14-33-55_274713.jpg
Акын Болот Назаров выступил на курултае по Кемпир-Абадскому водохранилищу,https://data.kaktus.media/image/small/2022-10-15_13-51-50_859142.jpg
"Рейтинги Жапарова и Мадумарова выросли, а Ташиева остаются на месте. Результаты опроса",https://data.kaktus.media/image/small/2022-10-15_13-34-07_233205.jpg
"Бекназаров: В Чуйской области пройдет альтернативный курултай, надо к нему присоединиться",https://data.kaktus.media/image/small/2022-10-15_13-10-25_792604.jpg
Абдулла Авазов: Ташиев обманывает кыргызстанцев по Кемпир-Абаду,https://data.kaktus.media/image/small/2022-10-15_12-32-56_137598.jpg
Полпреда Ошской области Зиядина Жамалдинова освистали на курултае по Кемпир-Абаду,https://data.kaktus.media/image/small/2022-10-15_12-06-42_969622.jpg
Кто принимает участие в курултае по Кемпир-Абадскому водохранилищу в Узгене? Список,https://data.kaktus.media/image/small/2022-10-15_11-46-33_551300_w.jpg
"От Камчыбека Ташиева требуют уйти в отставку, если границы Кыргызстана не будут сохранены",https://data.kaktus.media/image/small/2022-10-15_11-17-58_926044.jpg
Кемпир-Абадское водохранилище: в Узгене народ собирается на курултай,https://data.kaktus.media/image/small/2022-10-15_10-49-23_605288.jpg
На трассе Бишкек - Ош запретили передвигаться на бусах и минивэнах с летними шинами,https://data.kaktus.media/image/small/2022-10-15_10-28-51_893579.jpg
#полезно. Мифы о гриппе развенчали специалисты,https://data.kaktus.media/image/small/2022-10-14_15-05-42_879877.jpg
Гид Kaktus. Курсы иностранных языков в Бишкеке для детей и взрослых - 2022,https://data.kaktus.media/image/small/2022-10-06_19-34-37_188956.jpg
Почему важно мыть руки правильно и как это делать (пошаговая инструкция),https://data.kaktus.media/image/small/2022-10-14_16-29-47_423232.jpg
Садыр Жапаров выразил соболезнования Реджепу Тайипу Эрдогану,https://data.kaktus.media/image/small/2022-10-15_20-20-27_703150.jpg
"Комедия ""О чем мечтает женщина"" с участием российских актеров театра и кино в Бишкеке",https://data.kaktus.media/image/small/2022-10-15_20-23-43_525855.jpg
"Илья Варламов обратился к кыргызстанцам, которые критикуют россиян",https://data.kaktus.media/image/small/2022-10-15_20-12-53_978608.jpg
В Бишкеке пройдет ярмарка вакансий,https://data.kaktus.media/image/small/2022-10-15_19-44-54_518736.jpg
В Джалал-Абадской области выявили факты массового уничтожения деревьев,https://data.kaktus.media/image/small/2022-10-15_19-32-08_478300.jpg
Посол Кадыркулов просит кыргызстанцев не возвращаться в Украину до окончания конфликта,https://data.kaktus.media/image/small/2022-10-15_19-10-34_479386.jpg
Власти Кыргызстана хотят стать независимыми от импорта пшеницы из других стран,https://data.kaktus.media/image/small/2022-10-15_18-46-45_693176.jpg
Байсалов: Государство проводит политику поддержки паралимпийского спорта,https://data.kaktus.media/image/small/2022-10-15_18-25-25_850981.jpg
Грандиозный концерт звезды Болливуда в Бишкеке. А также выступление Викрама Рузахунова,https://data.kaktus.media/image/small/2022-09-28_17-30-03_189867.jpg
В Душанбе завершена встреча топографических групп Кыргызстана и Таджикистана,https://data.kaktus.media/image/small/2022-10-15_18-06-56_110981.jpg
Погода в Бишкеке 16-22 октября,https://data.kaktus.media/image/small/2022-10-15_17-28-09_318786.jpg
Что произошло в Украине за последние сутки 15 октября,https://data.kaktus.media/image/small/2022-10-15_17-04-40_907957.jpg
"Банк ""Компаньон"" приостановил обслуживание российских карт ""Мир""",https://data.kaktus.media/image/small/2022-10-15_16-48-13_483362.jpg
Как сейчас выглядит Кемпир-Абадское водохранилище. Фото и видео,https://data.kaktus.media/image/small/2022-10-15_16-32-59_127306.jpg
Курултай по сохранению Кемпир-Абадского водохранилища. Принята совместная резолюция,https://data.kaktus.media/image/small/2022-10-15_16-07-00_645886.jpg
Бывший замминистра ЧС: Никаких спорных вопросов с Узбекистаном по Кемпир-Абаду не было,https://data.kaktus.media/image/small/2022-10-15_15-11-16_453557.jpg
Демарш Рахмона перед Путиным? Полный текст выступления президента Таджикистана,https://data.kaktus.media/image/small/2022-10-15_14-56-39_617104.jpg
Бекешев: Независимые СМИ хотят закрыть за освещение вопроса о передаче Кемпир-Абада,https://data.kaktus.media/image/small/2022-10-15_14-33-55_274713.jpg
Акын Болот Назаров выступил на курултае по Кемпир-Абадскому водохранилищу,https://data.kaktus.media/image/small/2022-10-15_13-51-50_859142.jpg
"Рейтинги Жапарова и Мадумарова выросли, а Ташиева остаются на месте. Результаты опроса",https://data.kaktus.media/image/small/2022-10-15_13-34-07_233205.jpg
"Бекназаров: В Чуйской области пройдет альтернативный курултай, надо к нему присоединиться",https://data.kaktus.media/image/small/2022-10-15_13-10-25_792604.jpg
Абдулла Авазов: Ташиев обманывает кыргызстанцев по Кемпир-Абаду,https://data.kaktus.media/image/small/2022-10-15_12-32-56_137598.jpg
Полпреда Ошской области Зиядина Жамалдинова освистали на курултае по Кемпир-Абаду,https://data.kaktus.media/image/small/2022-10-15_12-06-42_969622.jpg
Кто принимает участие в курултае по Кемпир-Абадскому водохранилищу в Узгене? Список,https://data.kaktus.media/image/small/2022-10-15_11-46-33_551300_w.jpg
"От Камчыбека Ташиева требуют уйти в отставку, если границы Кыргызстана не будут сохранены",https://data.kaktus.media/image/small/2022-10-15_11-17-58_926044.jpg
Кемпир-Абадское водохранилище: в Узгене народ собирается на курултай,https://data.kaktus.media/image/small/2022-10-15_10-49-23_605288.jpg
На трассе Бишкек - Ош запретили передвигаться на бусах и минивэнах с летними шинами,https://data.kaktus.media/image/small/2022-10-15_10-28-51_893579.jpg
#полезно. Мифы о гриппе развенчали специалисты,https://data.kaktus.media/image/small/2022-10-14_15-05-42_879877.jpg
Гид Kaktus. Курсы иностранных языков в Бишкеке для детей и взрослых - 2022,https://data.kaktus.media/image/small/2022-10-06_19-34-37_188956.jpg
Почему важно мыть руки правильно и как это делать (пошаговая инструкция),https://data.kaktus.media/image/small/2022-10-14_16-29-47_423232.jpg
Садыр Жапаров выразил соболезнования Реджепу Тайипу Эрдогану,https://data.kaktus.media/image/small/2022-10-15_20-20-27_703150.jpg
"Комедия ""О чем мечтает женщина"" с участием российских актеров театра и кино в Бишкеке",https://data.kaktus.media/image/small/2022-10-15_20-23-43_525855.jpg
"Илья Варламов обратился к кыргызстанцам, которые критикуют россиян",https://data.kaktus.media/image/small/2022-10-15_20-12-53_978608.jpg
В Бишкеке пройдет ярмарка вакансий,https://data.kaktus.media/image/small/2022-10-15_19-44-54_518736.jpg
В Джалал-Абадской области выявили факты массового уничтожения деревьев,https://data.kaktus.media/image/small/2022-10-15_19-32-08_478300.jpg
Посол Кадыркулов просит кыргызстанцев не возвращаться в Украину до окончания конфликта,https://data.kaktus.media/image/small/2022-10-15_19-10-34_479386.jpg
Власти Кыргызстана хотят стать независимыми от импорта пшеницы из других стран,https://data.kaktus.media/image/small/2022-10-15_18-46-45_693176.jpg
Байсалов: Государство проводит политику поддержки паралимпийского спорта,https://data.kaktus.media/image/small/2022-10-15_18-25-25_850981.jpg
Грандиозный концерт звезды Болливуда в Бишкеке. А также выступление Викрама Рузахунова,https://data.kaktus.media/image/small/2022-09-28_17-30-03_189867.jpg
В Душанбе завершена встреча топографических групп Кыргызстана и Таджикистана,https://data.kaktus.media/image/small/2022-10-15_18-06-56_110981.jpg
Погода в Бишкеке 16-22 октября,https://data.kaktus.media/image/small/2022-10-15_17-28-09_318786.jpg
Что произошло в Украине за последние сутки 15 октября,https://data.kaktus.media/image/small/2022-10-15_17-04-40_907957.jpg
"Банк ""Компаньон"" приостановил обслуживание российских карт ""Мир""",https://data.kaktus.media/image/small/2022-10-15_16-48-13_483362.jpg
Как сейчас выглядит Кемпир-Абадское водохранилище. Фото и видео,https://data.kaktus.media/image/small/2022-10-15_16-32-59_127306.jpg
Курултай по сохранению Кемпир-Абадского водохранилища. Принята совместная резолюция,https://data.kaktus.media/image/small/2022-10-15_16-07-00_645886.jpg
Бывший замминистра ЧС: Никаких спорных вопросов с Узбекистаном по Кемпир-Абаду не было,https://data.kaktus.media/image/small/2022-10-15_15-11-16_453557.jpg
Демарш Рахмона перед Путиным? Полный текст выступления президента Таджикистана,https://data.kaktus.media/image/small/2022-10-15_14-56-39_617104.jpg
Бекешев: Независимые СМИ хотят закрыть за освещение вопроса о передаче Кемпир-Абада,https://data.kaktus.media/image/small/2022-10-15_14-33-55_274713.jpg
Акын Болот Назаров выступил на курултае по Кемпир-Абадскому водохранилищу,https://data.kaktus.media/image/small/2022-10-15_13-51-50_859142.jpg
"Рейтинги Жапарова и Мадумарова выросли, а Ташиева остаются на месте. Результаты опроса",https://data.kaktus.media/image/small/2022-10-15_13-34-07_233205.jpg
"Бекназаров: В Чуйской области пройдет альтернативный курултай, надо к нему присоединиться",https://data.kaktus.media/image/small/2022-10-15_13-10-25_792604.jpg
Абдулла Авазов: Ташиев обманывает кыргызстанцев по Кемпир-Абаду,https://data.kaktus.media/image/small/2022-10-15_12-32-56_137598.jpg
Полпреда Ошской области Зиядина Жамалдинова освистали на курултае по Кемпир-Абаду,https://data.kaktus.media/image/small/2022-10-15_12-06-42_969622.jpg
Кто принимает участие в курултае по Кемпир-Абадскому водохранилищу в Узгене? Список,https://data.kaktus.media/image/small/2022-10-15_11-46-33_551300_w.jpg
"От Камчыбека Ташиева требуют уйти в отставку, если границы Кыргызстана не будут сохранены",https://data.kaktus.media/image/small/2022-10-15_11-17-58_926044.jpg
Кемпир-Абадское водохранилище: в Узгене народ собирается на курултай,https://data.kaktus.media/image/small/2022-10-15_10-49-23_605288.jpg
На трассе Бишкек - Ош запретили передвигаться на бусах и минивэнах с летними шинами,https://data.kaktus.media/image/small/2022-10-15_10-28-51_893579.jpg
#полезно. Мифы о гриппе развенчали специалисты,https://data.kaktus.media/image/small/2022-10-14_15-05-42_879877.jpg
Гид Kaktus. Курсы иностранных языков в Бишкеке для детей и взрослых - 2022,https://data.kaktus.media/image/small/2022-10-06_19-34-37_188956.jpg
Почему важно мыть руки правильно и как это делать (пошаговая инструкция),https://data.kaktus.media/image/small/2022-10-14_16-29-47_423232.jpg
Садыр Жапаров выразил соболезнования Реджепу Тайипу Эрдогану,https://data.kaktus.media/image/small/2022-10-15_20-20-27_703150.jpg
"Комедия ""О чем мечтает женщина"" с участием российских актеров театра и кино в Бишкеке",https://data.kaktus.media/image/small/2022-10-15_20-23-43_525855.jpg
"Илья Варламов обратился к кыргызстанцам, которые критикуют россиян",https://data.kaktus.media/image/small/2022-10-15_20-12-53_978608.jpg
В Бишкеке пройдет ярмарка вакансий,https://data.kaktus.media/image/small/2022-10-15_19-44-54_518736.jpg
В Джалал-Абадской области выявили факты массового уничтожения деревьев,https://data.kaktus.media/image/small/2022-10-15_19-32-08_478300.jpg
Посол Кадыркулов просит кыргызстанцев не возвращаться в Украину до окончания конфликта,https://data.kaktus.media/image/small/2022-10-15_19-10-34_479386.jpg
Власти Кыргызстана хотят стать независимыми от импорта пшеницы из других стран,https://data.kaktus.media/image/small/2022-10-15_18-46-45_693176.jpg
Байсалов: Государство проводит политику поддержки паралимпийского спорта,https://data.kaktus.media/image/small/2022-10-15_18-25-25_850981.jpg
Грандиозный концерт звезды Болливуда в Бишкеке. А также выступление Викрама Рузахунова,https://data.kaktus.media/image/small/2022-09-28_17-30-03_189867.jpg
В Душанбе завершена встреча топографических групп Кыргызстана и Таджикистана,https://data.kaktus.media/image/small/2022-10-15_18-06-56_110981.jpg
Погода в Бишкеке 16-22 октября,https://data.kaktus.media/image/small/2022-10-15_17-28-09_318786.jpg
Что произошло в Украине за последние сутки 15 октября,https://data.kaktus.media/image/small/2022-10-15_17-04-40_907957.jpg
"Банк ""Компаньон"" приостановил обслуживание российских карт ""Мир""",https://data.kaktus.media/image/small/2022-10-15_16-48-13_483362.jpg
Как сейчас выглядит Кемпир-Абадское водохранилище. Фото и видео,https://data.kaktus.media/image/small/2022-10-15_16-32-59_127306.jpg
Курултай по сохранению Кемпир-Абадского водохранилища. Принята совместная резолюция,https://data.kaktus.media/image/small/2022-10-15_16-07-00_645886.jpg
Бывший замминистра ЧС: Никаких спорных вопросов с Узбекистаном по Кемпир-Абаду не было,https://data.kaktus.media/image/small/2022-10-15_15-11-16_453557.jpg
Демарш Рахмона перед Путиным? Полный текст выступления президента Таджикистана,https://data.kaktus.media/image/small/2022-10-15_14-56-39_617104.jpg
Бекешев: Независимые СМИ хотят закрыть за освещение вопроса о передаче Кемпир-Абада,https://data.kaktus.media/image/small/2022-10-15_14-33-55_274713.jpg
Акын Болот Назаров выступил на курултае по Кемпир-Абадскому водохранилищу,https://data.kaktus.media/image/small/2022-10-15_13-51-50_859142.jpg
"Рейтинги Жапарова и Мадумарова выросли, а Ташиева остаются на месте. Результаты опроса",https://data.kaktus.media/image/small/2022-10-15_13-34-07_233205.jpg
"Бекназаров: В Чуйской области пройдет альтернативный курултай, надо к нему присоединиться",https://data.kaktus.media/image/small/2022-10-15_13-10-25_792604.jpg
Абдулла Авазов: Ташиев обманывает кыргызстанцев по Кемпир-Абаду,https://data.kaktus.media/image/small/2022-10-15_12-32-56_137598.jpg
Полпреда Ошской области Зиядина Жамалдинова освистали на курултае по Кемпир-Абаду,https://data.kaktus.media/image/small/2022-10-15_12-06-42_969622.jpg
Кто принимает участие в курултае по Кемпир-Абадскому водохранилищу в Узгене? Список,https://data.kaktus.media/image/small/2022-10-15_11-46-33_551300_w.jpg
"От Камчыбека Ташиева требуют уйти в отставку, если границы Кыргызстана не будут сохранены",https://data.kaktus.media/image/small/2022-10-15_11-17-58_926044.jpg
Кемпир-Абадское водохранилище: в Узгене народ собирается на курултай,https://data.kaktus.media/image/small/2022-10-15_10-49-23_605288.jpg
На трассе Бишкек - Ош запретили передвигаться на бусах и минивэнах с летними шинами,https://data.kaktus.media/image/small/2022-10-15_10-28-51_893579.jpg
#полезно. Мифы о гриппе развенчали специалисты,https://data.kaktus.media/image/small/2022-10-14_15-05-42_879877.jpg
Гид Kaktus. Курсы иностранных языков в Бишкеке для детей и взрослых - 2022,https://data.kaktus.media/image/small/2022-10-06_19-34-37_188956.jpg
Почему важно мыть руки правильно и как это делать (пошаговая инструкция),https://data.kaktus.media/image/small/2022-10-14_16-29-47_423232.jpg
Садыр Жапаров выразил соболезнования Реджепу Тайипу Эрдогану,https://data.kaktus.media/image/small/2022-10-15_20-20-27_703150.jpg
"Комедия ""О чем мечтает женщина"" с участием российских актеров театра и кино в Бишкеке",https://data.kaktus.media/image/small/2022-10-15_20-23-43_525855.jpg
"Илья Варламов обратился к кыргызстанцам, которые критикуют россиян",https://data.kaktus.media/image/small/2022-10-15_20-12-53_978608.jpg
В Бишкеке пройдет ярмарка вакансий,https://data.kaktus.media/image/small/2022-10-15_19-44-54_518736.jpg
В Джалал-Абадской области выявили факты массового уничтожения деревьев,https://data.kaktus.media/image/small/2022-10-15_19-32-08_478300.jpg
Посол Кадыркулов просит кыргызстанцев не возвращаться в Украину до окончания конфликта,https://data.kaktus.media/image/small/2022-10-15_19-10-34_479386.jpg
Власти Кыргызстана хотят стать независимыми от импорта пшеницы из других стран,https://data.kaktus.media/image/small/2022-10-15_18-46-45_693176.jpg
Байсалов: Государство проводит политику поддержки паралимпийского спорта,https://data.kaktus.media/image/small/2022-10-15_18-25-25_850981.jpg
Грандиозный концерт звезды Болливуда в Бишкеке. А также выступление Викрама Рузахунова,https://data.kaktus.media/image/small/2022-09-28_17-30-03_189867.jpg
В Душанбе завершена встреча топографических групп Кыргызстана и Таджикистана,https://data.kaktus.media/image/small/2022-10-15_18-06-56_110981.jpg
Погода в Бишкеке 16-22 октября,https://data.kaktus.media/image/small/2022-10-15_17-28-09_318786.jpg
Что произошло в Украине за последние сутки 15 октября,https://data.kaktus.media/image/small/2022-10-15_17-04-40_907957.jpg
"Банк ""Компаньон"" приостановил обслуживание российских карт ""Мир""",https://data.kaktus.media/image/small/2022-10-15_16-48-13_483362.jpg
Как сейчас выглядит Кемпир-Абадское водохранилище. Фото и видео,https://data.kaktus.media/image/small/2022-10-15_16-32-59_127306.jpg
Курултай по сохранению Кемпир-Абадского водохранилища. Принята совместная резолюция,https://data.kaktus.media/image/small/2022-10-15_16-07-00_645886.jpg
Бывший замминистра ЧС: Никаких спорных вопросов с Узбекистаном по Кемпир-Абаду не было,https://data.kaktus.media/image/small/2022-10-15_15-11-16_453557.jpg
Демарш Рахмона перед Путиным? Полный текст выступления президента Таджикистана,https://data.kaktus.media/image/small/2022-10-15_14-56-39_617104.jpg
Бекешев: Независимые СМИ хотят закрыть за освещение вопроса о передаче Кемпир-Абада,https://data.kaktus.media/image/small/2022-10-15_14-33-55_274713.jpg
Акын Болот Назаров выступил на курултае по Кемпир-Абадскому водохранилищу,https://data.kaktus.media/image/small/2022-10-15_13-51-50_859142.jpg
"Рейтинги Жапарова и Мадумарова выросли, а Ташиева остаются на месте. Результаты опроса",https://data.kaktus.media/image/small/2022-10-15_13-34-07_233205.jpg
"Бекназаров: В Чуйской области пройдет альтернативный курултай, надо к нему присоединиться",https://data.kaktus.media/image/small/2022-10-15_13-10-25_792604.jpg
Абдулла Авазов: Ташиев обманывает кыргызстанцев по Кемпир-Абаду,https://data.kaktus.media/image/small/2022-10-15_12-32-56_137598.jpg
Полпреда Ошской области Зиядина Жамалдинова освистали на курултае по Кемпир-Абаду,https://data.kaktus.media/image/small/2022-10-15_12-06-42_969622.jpg
Кто принимает участие в курултае по Кемпир-Абадскому водохранилищу в Узгене? Список,https://data.kaktus.media/image/small/2022-10-15_11-46-33_551300_w.jpg
"От Камчыбека Ташиева требуют уйти в отставку, если границы Кыргызстана не будут сохранены",https://data.kaktus.media/image/small/2022-10-15_11-17-58_926044.jpg
Кемпир-Абадское водохранилище: в Узгене народ собирается на курултай,https://data.kaktus.media/image/small/2022-10-15_10-49-23_605288.jpg
На трассе Бишкек - Ош запретили передвигаться на бусах и минивэнах с летними шинами,https://data.kaktus.media/image/small/2022-10-15_10-28-51_893579.jpg
#полезно. Мифы о гриппе развенчали специалисты,https://data.kaktus.media/image/small/2022-10-14_15-05-42_879877.jpg
Гид Kaktus. Курсы иностранных языков в Бишкеке для детей и взрослых - 2022,https://data.kaktus.media/image/small/2022-10-06_19-34-37_188956.jpg
Почему важно мыть руки правильно и как это делать (пошаговая инструкция),https://data.kaktus.media/image/small/2022-10-14_16-29-47_423232.jpg
